校門口,大門口所連接的路段是哪兩個路段？,羅斯福路四段和新生南路三段,羅斯福路三段和新生南路三段,汀州路一段和新生南路三段,羅斯福路四段和新生南路一段,包圍臺大的四條路分別是（從校門口順時鐘），羅斯福路四段、新生南路三段、辛亥路二段、基隆路四段,大門口的國立臺灣大學字樣題字人是誰？,朱家驊,朱自清,管中閔,郭大維,為前教育部長朱家驊所題。,一般情況來說哪個交通工具不能在校園內行駛？,機車,汽車,腳踏車,接駁車,臺大校內禁行機車，不過駐警隊可以行駛。,戒嚴時期校門前廣場為避免群眾聚集設立了花壇與圍牆，直到2003年拆除並加以重新命名，請問此廣場現名為何？,大學廣場,民主廣場,自由廣場,中正廣場,臺大校門前廣場在1979年被築起圍牆與花壇，直到2003年校方決議恢復廣場於1970年代的形式，並命名為「大學廣場」。,下列關校門口的敘述何者為非?,校門迄今並未列為古蹟,唭哩岸石材,左右對稱的碉堡外型,車道不可逆向行駛,1998年臺大校門被指定為臺北市定古蹟。,傅園的入口位於？,靠近大門口處,舟山路上,新月臺附近,,從校門口進入後右轉就可以看到傅園入口，同一方向也是女一、二、三、五舍的出入口。,傅斯年校長因何原因逝世？,腦溢血,車禍,癌症,自然辭世,傅斯年校長接受議會質詢完的當晚腦溢血而死。,傅斯年校長哪一年辭世？,1950,1945,1955,1940,傅斯年校長在1949年接收初期來臺，短短在任兩年在臺大奠定了許多基礎。,傅園本來的作用為？,植物系的標本園,化工系的實驗地,森林系的實驗林,植微系的預定地,,傅斯年為臺大第幾任校長？,四,一,二,三,臺大接收初期十分動盪，前幾任的校長在政治環境不穩的情況下無法擔任校長太久。,何者並非傅園的特色？,前身是帝大動物園,斯年堂仿製希臘帕德嫩神廟,傅園裡面有傅斯年的骨灰罈,帕德嫩神廟被作為民主象徵，因此斯年堂可說是神格化傅斯年,傅園前身是臺北帝大熱帶植物園。,,,,,,,,,,,,,,,,,,,,,,,,,,,,,,,,,,,,,,,,,,,,,,,,,,,,,,,,,,,,,,
傅鐘,傅鐘每次打響幾聲？,21,15,24,30,1951年為紀念傅斯年校長所設，由於傅斯年校長認為「一天只有二十一小時，剩下的三小時是用來沈思的。」 所以鐘聲每次敲響21下。,在鑄造傅鐘時，兵工廠同時鑄造了另一口鐘，請問這個一起出廠的鐘目前置於哪個學校？,臺南成功大學,新竹清華大學,臺北政治大學,臺中逢甲大學,此鐘在1952年至1958年其間作為成大校鐘使用，而後被電子鐘取代，並將鐘放置於博物館內。如今成大校徽上仍可見此鐘，成為成大的精神象徵。,下列哪個歷史事件和傅鐘有關？,保釣事件,美麗島事件,臺大哲學系事件,陳文成事件,由於傅鐘具精神與聲音上相關意義，保釣事件時，先後有學生在傅鐘進行靜坐、絕食等抗議。,傅斯年長期被神化為校園民主的守護者，還原四六事件當時，請問何者非傅斯年對陳誠所言？,不准逮捕學生,要趕快做,要趁早做,不准流血,傅斯年並非想像中力抗極權的自由派學者而是堅決反共者，因此選擇與國家合作以軍隊掃蕩校園。,以下何者不是臺大校園交通車的停靠站？,小福,傅鐘,社科院舊址,醫學院,臺大校區間交通車停靠傅鐘、社科院舊址、醫學院。,關於傅鐘的敘述何者錯誤？,2018上半年有群眾為了支持楊泮池聚集此處,現在由電子敲鐘,早期有工友負責敲鐘,在2018上半年被綁很多黃絲帶,2018年所發生的事件為管中閔遴選爭議。,,,,,,,,,,,,,,,,,,,,,,,,,,,,,,,,,,,,,,,,,,,,,,,,,,,,,,,,,,,,,,,,,,,,,,,,,,,,,,,,,,,,,,,,,,,,
行政大樓,行政大樓位於哪個校內景點附近？,傅鐘,總圖,傅園,新月臺,從椰林大道上看，傅鐘後面就是第一行政大樓。,行政大樓裡的行政人員幾點開始下班？,5:00,5:30,6:30,4:30,行政人員的下班時間是5點，記得有相關行政事項要在行政人員下班前處理。,行政大樓的黑瓦紅磚建築、拱頂石、帶卷草的螺型托座為何種建築形式之特色？,後期文藝復興時期,日治時期,巴洛克時期,後現代主義時期,後文藝復興時期建築延續希臘羅馬的古典特色，強調對稱的形狀、柱體、大量使用原型與方型，反映宇宙和諧與規律。,行政大樓曾在不同時期扮演不同的行政用途，以下何者為非？,校本部與理工農三院辦公室,臺北高等農林學院本部,理農學院及專門部本部,行政大樓,行政大樓中間的坐落著的會議室在60年代是校本部及理工農三院辦公室。,何者並非行政大樓的建築特色？,山牆,仿後期文藝復興風格,黑瓦、紅磚,四根科林斯式立柱,行政大樓建築風格迥異於椰林大道建築群，反映出不同興建年代與教育體制的變化。,下列何單位位於在行政大樓西側的一層樓平房，而非行政大樓內部？,學生住宿服務組,註冊組,僑生及陸生輔導組,課外活動指導組,學生住宿服務組位於行政大樓西側的平房，負責處理學生住宿相關事宜。,,,,,,,,,,,,,,,,,,,,,,,,,,,,,,,,,,,,,,,,,,,,,,,,,,,,,,,,,,,,,,,,,,,,,,,,,,,,,,,,,,,,,,,,,,,,
校史館,校史館原先是做為什麼功用的建築？,圖書館,文學院,理學院,行政大樓,舊總圖於1929年完工，1998新總圖落成並啟用後成為日文系館和國科會人文中心，在2005年校史館進駐。,校史館一樓匾額上題了什麼字？,敦品勵學,愛國愛人,臺灣大學,校史館,校史館一樓匾額上題了敦品勵學,校史館二樓有何人之塑像？,傅斯年,錢思亮,閻振興,虞兆中,,校史館為以前的舊總圖，二樓的作為閱覽室，窗戶採大拱窗設計，一樓則採小開窗設計，請問小開窗設計功用為何？,保存書籍,防止竊盜,實驗研究,防止火災,校史館一樓為過去舊總圖之書庫，為避免日光對藏書的影響，採取小開窗設計。,何者非校史館建築特色？,地下室是藏書空間,歷經五次的擴建,閉架室藏書管理,二樓以大型拱窗採光,舊總圖（校史館）建築是以閉架室藏書管理而設計的，一二樓中間有夾層書庫保存書籍，二樓則為挑高設計配合大型拱窗的閱覽室。,何者並非舊總圖（校史館）的建築特色？,黑瓦、紅磚,唭哩岸岩柱,大型拱窗,拱門,舊總圖採用的是北投窯場的時三溝面磚。門口柱子和校門一樣使用唭哩岸岩。,,,,,,,,,,,,,,,,,,,,,,,,,,,,,,,,,,,,,,,,,,,,,,,,,,,,,,,,,,,,,,,,,,,,,,,,,,,,,,,,,,,,,,,,,,,,
文學院,文學院的興建時間是？,臺北帝國大學時期,臺灣大學時期,,,文學院完工於1929年，是當時臺北帝大的看板建築。,請問下列哪一系所屬於文學院？,三者皆是,哲學系,戲劇學系,人類學系,以上系所皆屬文學院。,哪位傑出校友畢業於文學院？,林文月,林泠,邱妙津,侯文詠,林文月為中文系畢業，邱妙津為心理系畢，侯文詠為醫學系畢業，林泠為化學系畢業。,著名作家白先勇為臺大外文系之校友。請問下列何者非白先勇之著作？,《家變》,《孽子》,《孤戀花》,《一把青》,《家變》為臺大外文系校友王文興之作品。,文學院擁有校內最大的「車寄」，請問其功能為何？,遮陽避雨,停放腳踏車,郵筒,藏書,「車寄」為日文的門廊，讓車子臨時停放，以供賓客上下車，遮陽避雨，不受天氣影響。,何者並非文學院的建築特色？,紅磚,山牆,拱窗,斜屋頂,文學院具備椰林大道建築群的經典特色：山牆、拱窗、斜屋頂、中央門廊。紅磚則是行政大樓的特色。,,,,,,,,,,,,,,,,,,,,,,,,,,,,,,,,,,,,,,,,,,,,,,,,,,,,,,,,,,,,,,,,,,,,,,,,,,,,,,,,,,,,,,,,,,,,
土木系館,土木工程館與哪一棟建築相連？,化學工程館,電機一館,天數館,化學館,土木工程館與化學工程館在建築結構上為同一棟建築。化學館則在醉月湖旁。,土木系館因建造當時受國際流行影響，頗富現代主義建築元素。下列何者是現代主義建築特色？,強調實用及線條簡潔,山牆及斜屋頂,以拱型為主要結構形式,,其他選項為日治時期建築特色，例如文學院即為臺大具代表性的日治時期建築之一。,以下關於土木系館的敘述何者錯誤？,土木系為戰後成立之科系,該地曾為?公圳流經處,位於椰林大道上,具有臺大傳統建築風格,日治時期1941年時設立工學部，土木系前身為當時的土木工程學講座。,土木系館設計師為下列何者？,校內營繕組人員,王大閎,伊東豐雄,李祖原,土木系館是校內人員資源不足的環境下營造。,帝大時期，椰林兩側的空間配置傳統為？,北文政、南理農,北商法、南理工,北理工、南商法,南北政、北理農,興建於改制初期的土木系館，過去是臺大工學院。它的興建打破了臺北帝大椰林大道兩側「北文政、南理農」的空間配置傳統，亦預告了臺灣社會由農轉工時代的來臨。,臺大改制有一批建築物是由臺大營繕組自行設計，請問下列何者為非？,普通教學館,心理系館,地理系館,部分學生宿舍,改制初期，因為大環境人力物力缺乏，校園發展較為停頓，因此以興建大量的學生宿舍及臨時教室為主，且皆由校內營繕人員設計，而非出自民間建築師之手。,,,,,,,,,,,,,,,,,,,,,,,,,,,,,,,,,,,,,,,,,,,,,,,,,,,,,,,,,,,,,,,,,,,,,,,,,,,,,,,,,,,,,,,,,,,,
活大,何者不是活大的功用？,一般性課程教室,社團辦公室,餐廳,演出禮堂,活大一樓包括餐廳、怡仁堂，二樓有社團辦公室、排練教室、鋼琴教室，學生可登記使用。,請問活大（第一學生活動中心）位於哪裡？,總圖旁,醉月湖旁,管理學院旁,新體旁,總圖旁為活大。管理學院旁為二活。,請問第一學生活動中心（活大）的設計是由哪位建築師操刀？,王大閎,伊東豐雄,李祖原,森山松之助,王大閎為臺大設計13棟建築，如活大、保健中心等，有臺大御用建築師之稱。,何者不是活大內的學生餐廳？,八方雲集,麥當勞,韓風小舖,食香園素食館,活大內的鍋貼水餃店是四海遊龍。,活大建築融合了中國傳統與現代主義，何者並非活大建築特色？,清水模,天井,飛簷,臺基,活大具有許多中國傳統建築的語彙，包含屋頂兩邊的飛簷、建築本體下方的臺基、屋內的天井等。清水模則在新社科院可以看到。,活大在建築色調上，採用哪三個色系？,黑、朱紅、金,藍、紫、紅,紅、橘、白,灰、白、黑,活動中心在建築色調上，採用中國傳統的黑、朱紅與金色，並應用於門窗上，企圖營造出中國式的飽和色彩感受。,陳文成廣場是為紀念哪一事件所設立,陳文成事件,江南案,美麗島事件,林宅案,陳文成事件是1981年臺大陳文成教授離奇陳屍於臺大校園的事件，真相至今未明，由於陳文成教授曾贊助美麗島雜誌，並關注民主與民權一提，此案普遍被認為涉及政治。2015年該地點正式被命名為陳文成事件紀念廣場。,,,,,,,請問臺大公認的校花為何？,杜鵑花,梅花,蓮花,雞蛋花,,請問臺大校地約佔臺灣總面積的百分之幾？,1,0.1,0.5,2,臺大幅員遼闊，校地分布臺北、宜蘭、新竹、雲林，以及中部高山地區，校地面積約3萬4千公頃，佔臺灣總面積的百分之一，提供師生豐富的生物與生態多樣性研究環境。,107學年度第一學期開學日為幾月幾號？,9/10,9/15,9/6,9/12,,陳文成廣場是在第幾學年度，正式被校務會議通過，將其陳屍地點命名為「陳文成事件紀念廣場」？,103,100,90,105,,,,,,,,,,,,,,,,,,,,,,,,,,,,,,,,,,,,,,,,,,,,,,,,,,,,,,,,,
農業陳列館,農業陳列館附屬於臺大哪一學院？,生物資源暨農學院,醫學院,工學院,生命科學院,位於新月臺對面的農業陳列館成立在1964年，隸屬生物資源暨農學院，旨在呈現臺灣農業發展與改革的過程與成果。,舊的人類系、哲學系館為何被稱為洞洞館？,有琉璃筒瓦鑲在牆上以便通風,建築物年久失修,窗戶很多,,琉璃筒瓦是洞洞館的特色，可以讓建築物保持通風。,農業陳列館由張肇康先生設計，在建築設計上呼應許多中國傳統建築元素。請問此敘事是否為真？,O,X,,,農業陳列館的建築設計呼應中國傳統建築的墊高臺基、屋身內縮及懸挑大屋頂，為現代中國建築中呼應中國傳統的經典手法。,戰後初期有少數日籍教授被臺大留任，其餘被遣返回國，下列何者即為被遣返回國的日籍教授？,太田賴常,高?知武,松本巍,磯永吉,太田賴常是亞洲做出人工撞擊原子核實驗的第一人，而在1949年被國民政府遣返日本。,請問農陳館和哪兩個系之前的系館並稱洞洞館？,人類系、哲學系,中文系、日文系,哲學系、歷史系,農推系、農經系,舊的哲學系、人類系系館和農陳館合稱洞洞館，因為三棟建築牆上的琉璃筒瓦而有此名。農推系是現在生傳系的前身。,哲學系事件發生了什麼事？,十幾位哲學系的教職員被解聘,哲學系想要從文學院獨立,哲學系和師大的同學把警察抓走,沒有這個事件,"1970 年代的哲學系事件是在臺大校內以「反共」之名對臺大的學者進行整肅,有許多教職員遭到解聘。這個事件被認為是政府擔憂學運擴大,要壓制因保釣運動而起的學運風潮。1997 才獲平反。",,,,,,,,,,,,,,,,,,,,,,,,,,,,,,,,,,,,,,,,,,,,,,,,,,,,,,,,,,,,,,,,,,,,,,,,,,,,,,,,,,,,,,,,,,,,
教學館,普通教學館有幾層樓？,5,2,7,3,普通教學館有5層樓，有不同大小的教室，可容納80~300個學生。,,,,,,,,,,,,,普通教學館與博雅教學館相連的通道位於幾樓？,2F,3F,4F,5F,普通教學館與博雅教學館在2樓間有通道連接。,普通教學館中控室在幾樓？,2,1,3,4,普通教學館的中控室位於2樓，若教室設備出現問題請至中控室向學校反映。,共同教室前方的樹木是？,松樹,榕樹,椰子樹,樟樹,,共同教學館與哪棟建築物最遠？,醫學院,水源校區,博雅教學館,社科院,共同教學館位於城中校區，其餘建築皆位於校總區。,十三溝面磚為表面有鋸齒的陶質色磚，具柔化陽光反射、軍事偽裝的作用，臺大有許多建築採用此建材，請問下列建築何者並未採用十三溝面磚？,博雅教學館,共同教學館,文學院,校史館,,共同教室的設計採取高樓退縮，樓層越高越往後退，請問原因為何？,為配合共同前面松樹的生長,預算不足減少建築規劃,避免松鼠進入教室,減少太陽斜曬,共同教室的設計採高樓層退縮，樓層越高，退縮越多，為配合共同前方松數的生長。,,,,,,,共同三松原本有五松，為何如今只剩三棵？,在興建共同教室時，因施工堆土而枯死,在興建共同教室時，被不肖廠商灌進廢水而死,某次颱風，把比較靠近舟山路的兩棵吹倒了,被來臺大校外教學的小學生推倒,1980年代，學校原本打算全部砍掉，進行共同教室的擴建，但砍了兩棵樹後，計畫突然終止,博雅教學館是所有教學大樓中最新的一棟，那他的命名原因是,全校師生共同命名,監察院院長張博雅掛名捐贈,當時校長李嗣涔所命名,,2011年杜鵑花節舉辦命名活動票選而出。,博雅教學館內有何種空間提供學生自習？,博雅學習開放空間,博雅資訊教室,博雅圖書館,博雅普通教室,博雅教學館內有學習開放空間提供學生自習。,現今博雅教學館的土地原本為何用途？,興建人文大樓,興建社會科學院,興建自動化高密度書庫,三者皆非,,博雅101教室最多可容納多少人？,400,200,500,300,,興建博雅教學館的原因是？,學生人數增加，教室已不敷使用,重啟之前因經費不足而放棄的計畫,極度缺乏容納60~120人的教室,校園整體改造計畫的實施,,新生大樓是哪一種類型的建築？,教學大樓,學術大樓,行政與服務大樓,學生宿舍,新生大樓是作為教學功能使用，包括大一共同必修、通識教育、全校性分班編組課程。,,,,,,,,,,,,,,,,,,,,,今年為臺大第幾周年校慶？,90,100,80,110,臺大1928年建立，今年2018年為第90周年校慶
小福,臺大校內唯一一家腳踏車店的位置是？,小福樓對面,椰林大道上,活大後面,博雅教學館對面,志雄單車店，低廉實惠的價格給臺大學生做腳踏車維修服務，也免費提供機油和充氣設備任學生自行DIY，目前店家由學校公開招標校外廠商進駐提供低廉而實惠的服務。,與其餘三選項相比，與小福相隔最遠的教室是哪一棟？,天數館,普通教學館,博雅教學館,文學院,天數館距離小福最遠。,請問小福內沒有以下什麼店？,臺大農產品中心,福利社,郵局,影印店,福利社及郵局位於小福一樓，影印店則位於小福三樓。臺大農產品中心則在舟山路和新月臺各有一家。,小福三樓並無以下何店家？,八方雲集,Hello Caf?,經典影印,金興發,八方雲集位於小福二樓。,郵局在小福樓的幾樓？,1,2,3,4,郵局在小福樓的一樓，營業時間為8:30-17:30，儲匯業務提早半小時結束。,臺大鮮奶在小福裡面哪裡有賣？,合作社,Hello Caf?,金興發,All pass食堂,早上八點與下午三點，固定在小福與臺大農產品展銷中心有賣臺大鮮奶。,,,,,,,,,,,,,,,,,,,,,,,,,,,,,,,,,,,,,,,,,,,,,,,,,,,,,,,,,,,,,,,,,,,,,,,,,,,,,,,,,,,,,,,,,,,,
小小福,小小福的主要功能為？,覓食,交辦行政事項,上課,舉辦社團活動,小小福販賣簡單餐點，也設有福利社提供日常生活用品。,距離小小福最近的建築物為何？,共同教學館,新生大樓,總圖,社科圖,距離小小福最近的建築物為共同教學館。,至小小福旁小吃部購買食物須注意什麼事項？,需自備零錢不找零,須備妥學生證,須注意下午有休息時間,須自備容器不主動提供,小小福旁第二小吃部不提供找零服務，須自備零錢，可至福利社換錢。,何者非小小福內餐廳供應的食物？,姐妹花雞排,素食,滷肉飯,紅豆餅,2017年臺大開店三十餘年的姊妹花雞排（第二小吃部）歇業，消息釋出時造成搶購熱潮。,關於大陸社何者為非？,大陸是指南極大陸,全名為大陸問題研究社,創社初期宣導反共,位於理髮部隔壁,大陸問題研究社創社宗旨為「研究大陸問題，認清共匪真面目，喚起救國熱情，致力復國大業」，跟臺灣政治發展脈絡相關。,小小福第二小吃部接受悠遊卡付款嗎？,是,否,,,小小福跟小福2018開始都可以接受悠遊卡付款。,,,,,,,,,,,,,,,,,,,,,,,,,,,,,,,,,,,,,,,,,,,,,,,,,,,,,,,,,,,,,,,,,,,,,,,,,,,,,,,,,,,,,,,,,,,,
椰林小舖,椰林小舖如今的正式功用是？,校園紀念販賣點,網美拍照景點,夜間試膽地點,吃飯用餐地點,椰林小舖如今功用為販賣Colaz出品的臺大衣服，其他功能尚待發掘。,椰林小舖旁的一大塊用地有何種功用？,腳踏車停車場,學生運動場,臺大林場,臺大農場,為腳踏車停車場，因為腳踏車數量之多，學生間暱稱為腳踏車的墳場。,椰林小舖附近可看見一口煙囪，在日治時期進行農化醱酵實驗。請問此實驗的功用為何？,生產軍需燃料,生產抗污藥劑,生產農業肥料,提高室內溫度,製糖過程中剩下的粗糖可藉由醱酵作用直接生成丙醇和丁醇，作為替代航空燃料使用。,下列何者建築以前曾為帝大農學部玻璃工廠？,性平會,小木屋鬆餅,椰林小舖,住宿組,性平會現址為帝大理農學部玻璃工廠，負責供應大學內玻璃製品的需求。,大陸社與美髮部過去曾為什麼教室？,理農學部農化學教室,理農學部物理教室,理農學部生物學教室,理農學院植物學教室,大陸社與洗衣部現址的一排磚房為理農學部農化學教室。,椰林小舖旁的煙囪（本體）是在什麼時期設立的？,臺北帝大創校初期,二戰結束後,十大建設,日治初期,煙囪（本體）於1931年建立。,,,,,,,,,,,,,,,,,,,,,,,,,,,,,,,,,,,,,,,,,,,,,,,,,,,,,,,,,,,,,,,,,,,,,,,,,,,,,,,,,,,,,,,,,,,,
醉月湖,醉月湖是學校官方命名的名稱嗎？,不是,是,,,醉月湖原是校內生態池，1973年學生自主舉辦划船比賽，主辦單位為了方便宣傳，在《畢聯會訊》上第一次使用「醉月湖」的名稱，沿用至今。,,,,,,,醉月湖中，通往湖心亭的橋是在1985年遭到校方拆除。請問此敘述是否為真？,X,O,,,醉月湖從未建造過通往湖心亭的橋，以往要通往湖心亭可以游泳或划船，但現在均禁止。,以下關於醉月湖的敘述何者為非？,位於國發所後側,舊名牛湳池,原為調節?公圳之用,曾舉辦划船比賽,醉月湖周遭建築有新體、舊體、天數、思亮館、新生教學館。,於近兩年興建完成的?公圳復原工程位置在？,博雅教學館附近,舟山路臺大生態池附近,醉月湖靠新體處,新生南路?公圳紀念碑附近,臺大從2015年重啟2001年因水源不足而停擺的?公圳復育計畫，將引用新店溪水源從農學院實驗同場，經舟山路、小椰林東緣、思亮館，最後抵達醉月湖。,,,,,,,?公圳大安支線在過去曾切過許多臺大現址，何者為非？,社科院,醉月湖,臺大農場,土木系館,?公圳大安支線從公館圓環分流，切過農場、生態池、森林系館、土木系館、醉月湖。,,,,,,,?公圳原址碑位於哪條路上？,新生南路,辛亥路,羅斯福路四段,復興南路二段,,,,,,,,,,,,,,,,,,,,,,,,,,,,,,,,,,,,,,,,,,,,,,,,,,,,,,,,,,,,,,,,,,,,,,,,,,,
臺大農場,臺大農場著名的商品，經常被校外人士排隊搶購的是？,牛奶,牛肉,高麗菜,麵包,臺大農場自有產品包括：臺大鮮奶、優酪乳、豆奶、冰淇淋三明治、冰棒、紅蘿蔔土司、清蛋糕、麵包、肉製品、園藝產品、農藝產品…臺大所有福利社都有一定配額可以買，可是牛奶這一項非常受歡迎，經常被校外人士搶購一空，要買得早起。,如果一個非生農學院的學生想在臺大種田應該選哪門課？,田園生活體驗,現代農業體驗,非生農學院無法體驗農業,,現代農業體驗提供生農學院學生選課，田園生活體驗則開放給非生農學院的學生。,請問目前臺大農場有飼養哪些動物？,三者皆是,乳羊,乳牛,小耳種李宋系迷你豬,臺大農場目前有飼養乳牛、乳羊及小耳種李宋系迷你豬。牛乳平均每日產量約500-600公斤、羊乳平均每日約產40-60公斤。,生農學院開設了數堂課程供同學修習並於臺大農場中體驗，請問為下列何者課程之一？,兩者皆是,現代農業體驗,田園生活體驗,兩者皆非,生物資源暨農學院開設「現代農業體驗」及「田園生活體驗」，提供學生體驗農業。,生態池為哪一條圳復育計畫中的一處水域？,?公圳,八堡圳,曹公圳,貓霧?圳,?公圳的水源是新店溪，是臺北地區重要的河流。,生態池之本名為？,?公圳水源地,臺大農場蓄水池,舟山親水池,臺大賞鳥池,現在的臺大生態池昔日是?公圳的水源地，在2003年時啟用，是臺大?公圳復育計畫的一部分。,,,,,,,,,,,,,,,,,,,,,,,,,,,,,,,,,,,,,,,,,,,,,,,,,,,,,,,,,,,,,,,,,,,,,,,,,,,,,,,,,,,,,,,,,,,,
社科院,社科院建築的設計師是？,伊東豐雄,包浩斯,扎哈‧哈蒂德,皮埃爾‧德麥隆,社科院新館於2014年正式啟用，由日本設計師伊東豐雄設計，西側名為介宙館，東側名為頤賢館，圖書館則名為辜振甫先生紀念圖書館，三樓獨立設有梁國樹會議廳。,社科院大樓位於哪一條路旁？,楓香道,水杉道,小椰林道,舟山路,社科院大樓位於楓香道旁。,辜振甫圖書館是指校內哪一圖書館？,社科院圖書館,法律系圖書館,化學系圖書館,數學系圖書館,國立臺灣大學社會科學院辜振甫先生紀念圖書館之命名，係紀念本校名譽博士辜振甫先生，在生前及其家族對社科院遷院與圖書館設計裝修慷慨捐款。,社會科學院目前有4個系：政治學系、經濟學系、社會學系及社會工作學系，另有三個獨立研究所，下列何者並非包含其中？,經濟研究所,國家發展研究所,新聞研究所,公共事務研究所,經濟系研究所屬於臺大經濟系，非獨立研究所。,社科院圖書館前面有塊石碑請問刻了什麼字？,學而第一,敦品勵學,力學不倦,自強不息,館名由董陽孜女士題字鑴刻辜先生生前著作「學而第一」為卹勉 ，藉以期勉社會科學者有宏大胸懷及視野，並有謙沖致和的修身素養。,請問社圖的閉館音樂為下列哪首曲子？,莫札特G大調弦樂小夜曲《K.525》的第二樂章,蕭邦《Frederic Franc?is Chopin，1810-1849》的夜曲《Nocturnes》，作品九之二與三,費玉清唱的《晚安曲》,W. A. Mozart - KV 600 - 6 German Dances for orchestra,社圖的閉館音樂是莫札特G大調弦樂小夜曲（K.525）的第二樂章。,,,,,,,,,,,,,,,,,,,,,,,,,,,,,,,,,,,,,,,,,,,,,,,,,,,,,,,,,,,,,,,,,,,,,,,,,,,,,,,,,,,,,,,,,,,,
總圖,臺大校徽不包含什麼？,總圖,椰子樹,傅鐘,梅花,1982年經校內外徵選的結果，由梅花為外型，內含抽芽的椰子樹以及傅鐘，外圍以校訓環繞。,總圖於民國幾年落成？,民國87年,民國70年,民國50年,民國92年,現在的總圖於民國87年新落成，舊總圖則在帝大時期就有。,,,,,,,總圖B1自習室幾點閉館？,24小時開放,晚上12點,晚上10點,凌晨2點,總圖B1自習室24小時開放，可以跟同學們從白天到晚上再到白天一起奮鬥，歡迎同學多加利用。,總圖前的草皮叫什麼名字？,振興草皮,大學廣場,精神廣場,沒有名字,此草皮庭園景觀設計時在任校長為閻振興校長，因此命名。,下列何者是保健中心的可現場掛號時間？,10:00,8:00,12:00,18:00,保健中心的可現場掛號時間是8:20~11:30，13:20~16:30。,下列哪些科別保健中心沒有？,骨科,家醫科,婦產科,牙科,臺大保健中心有家醫科、眼科、牙科、婦科、皮膚科、身心科。,具僑生健保身份可以以僑生健保身份掛號嗎？,O,X,,,一般來說具僑保身份者皆可參加全民健保，該僑生若已加入全民健保，可持全民健康保險卡來中心就醫；若是尚無全民健康保險卡者，則以自費身份掛號就醫，就診後持收據及醫師開立之診斷書，親洽學務處僑陸組依程序辦理後續保險理賠事宜。,請問保健中心中午有沒有人值班？,有,沒有,,,上班時間（含中午午休時間）本中心均有專人值班，以因應校園內之緊急傷病事件。,,,,,,,我去保健中心只要拿藥，需要掛號嗎？,要,不要,,,要，無論是要打疫苗、拿藥皆需要醫師的處方箋才能領藥。,,,,,,,,,,,,,,,,,,,,,,,,,,,,,,,,,,,,,,,,,,,,,,,,,,,,,,,,,,,,,,
法學院,霖澤館是哪一系所的系館？,法律系,經濟系,國家發展所,政治系,法學院系館包括霖澤館、萬才館，皆位於辛亥路上。,霖澤館與哪一棟系館同為法律系館？,萬才館,德田館,知武館,納環館,德田館為資工系館，知武館為生機系館，納環館為工科及海洋工程學系館。,位於臺大後門的國青宿舍、霖澤館、以及萬才館所間的一大片茂密樹林俗稱為何？,黑森林,法律林,榕樹林,實驗林,此片多由榕樹所組成的樹林由於樹蔭濃密，被戲稱為黑森林，並成為臺大校內行道樹損壞與替換的補給站。,下列哪個人物並非臺大法律系畢業？,李登輝,陳水扁,馬英九,蔡英文,李登輝並非臺大法律系畢業。他於1943畢業於臺北高等學校，之後1949年取得臺灣大學農經系學位。其餘三位皆為法律系畢業。,霖澤館位於什麼路上？,辛亥路二段,新生南路,羅斯福路四段,復興南路二段,,請問霖澤館和萬才館中間的國青大樓用途為何？,宿舍,國際會議廳,科法所,三者皆非,國青大樓為研究生和交換生宿舍。,,,,,,,,,,,,,,,,,,,,,,,,,,,,,,,,,,,,,,,,,,,,,,,,,,,,,,,,,,,,,,,,,,,,,,,,,,,,,,,,,,,,,,,,,,,,
工綜,工學院綜合大樓是工學院重要的實驗室、系所辦公室、教室所在地點，那它的位置在？,水杉道與楓香道交叉口,舟山路盡頭,蒲葵道上,椰林大道盡頭,舟山路盡頭的明達館屬於電機學院，蒲葵道上有普通教學館、原子與分子科學研究所，椰林大道盡頭為總圖。各路位置可參考新生資料中的地圖。,臺北帝國大學時期最後一棟興建的建築是哪棟？,機械工程館,總圖,文學院,土木工程館,機械工程館於1943年完工，總圖於1998年完工，文學院於1930年完工，而土木工程館於1956年完工。,下列何者並非50年代工學院轄下的大學部科系？,材料科學與工程學系,土木工程學系,電機工程學系,機械工程學系,材料科學與工程學系於2001年創立。,下列關於工學院的敘述何者錯誤？,電機系屬於工學院,1941年臺北帝大成立工學部,目前有五個系所與六個研究所,2018英國QS世界大學排名臺大工學院全球第19,目前電機系與資工系同屬於電機學院。,臺北帝國大學工學部是在何時成立？,醫學部之後,文政學部之前,文政、理農學部之間,理農、醫學之間,臺北帝國大學成立於1928年，一開始只有文政和理農2個學部，1936增設醫學部，直到1943年才成立工學部。,請問何者為工學院之研究所？,三者皆是,環境工程學研究所,建築與城鄉研究所,應用力學研究所,,,,,,,,,,,,,,,,,,,,,,,,,,,,,,,,,,,,,,,,,,,,,,,,,,,,,,,,,,,,,,,,,,,,,,,,,,,,,,,,,,,,,,,,,,,,,
二活,第二活動中心的主要功用是？,校內社團活動,通識課程教室,行政辦公室,自習中心,第二活動中心與管理學院第二館位於同棟建築，第二活動中心內設有社團辦公室、演講廳、排練室、社團活動教室，旨為提供校內社團活動使用，是校內學生社團少數可免費使用的教室。,二活主要是哪個學院的所在處？,管理學院,社會科學院,文學院,工學院,二活與管理學院二號館為同一棟建築，面向羅斯福路一邊作為二活使用，面向校園內一邊作為管院教室使用。,第二學生活動中心可出借場地不含下列何者？,103展示室,303學生交誼室,403團練室,1012排練室,103展示室在面對活大門口的左邊。,請問校內學生稱管理學院的學生為何？,elite,eslite,estrella,ceiba,elite是菁英的意思，eslite是誠品，estrella是西班牙文的星星，ceiba是Collaborative Enhanced Instruction By Asynchronous learning的簡稱，是非同步課程管理系統。,關於雅頌坊的敘述何者錯誤？,臺大學生均能免費觀賞演出,曾是美軍在臺營區內的教堂,由臺大藝文中心管理,靠近基隆路段,雅頌坊有各式演出，有些免費入場有些則有售票，有興趣的同學可以多多關注。,請問學期間二活閉館時間為何？,pm 10:00,pm 11:00,pm 12:00,pm 9:00,開學時二活開閉館時間為週一至週日上午八時至下午十時。,,,,,,,,,,,,,,,,,,,,,,,,,,,,,,,,,,,,,,,,,,,,,,,,,,,,,,,,,,,,,,,,,,,,,,,,,,,,,,,,,,,,,,,,,,,,
桃花心木道,外教中心不提供什麼服務？,日語課程,外語教學資源提供,進階英文免修申請,劇場場地借用,外教中心提供亞洲語文課程，但日語除外。資料來源：外教中心官網→任務。,外語教學中心3樓302室擁有豐富語言類書籍館藏，又稱為E自學空間。請問其開放時間為下列何者？,星期一至五8:30-16:45,星期一至日8:30-16:45,星期一至日8:00-18:45,星期一至五8:00-18:45,外教中心E自學空間開放於星期一至五8:30-16:45，歡迎大家多多使用。,為提倡外語自學風氣，外教中心提供外語自學認證，於六個月內修同一語言、級數，修滿幾個小時後即可申請認證？,36,48,72,96,,臺大外語課程目前沒有下列何種語言？,匈牙利語,土耳其語,俄語,阿拉伯語,臺大外語課程目前不提供匈牙利語。,進階英文的相關業務由外教中心負責。此敘述是否為真？,是,否,,,進階英文由外教中心負責，大一英文由外文系負責。,請問國際事務處在外教中心嗎？,否,是,,,國際事務處位於第二行政大樓四樓。,計算機中心不提供什麼服務？,微積分教學,一學期100點額度的影印,授權軟體下載,網路與軟體相關課程教學,臺大計算機及資源網路中心提供授權軟體下載、NTUmail服務、開設網路與軟體相關課程、影印掃描相關服務，每學生一學期可有100點影印額度，可跨學期累加，學生也可額外購買影印卡。,計中快速列印區的電腦使用時間是多久？,五分鐘,十分鐘,十五分鐘,二十分鐘,計中列印的電腦使用時間是五分鐘，五分鐘到後會自動登出。,計中提供臺大學生每學期每位學生的影印配額為？,100單位,200單位,150單位,300單位,計中提供之臺大學生免費列印配額為每學期100單位，每學期列印配額會累加保留，直到畢業為止。,在計中雙面黑白列印上課要用的資料，一共列印了10面，需要花費多少配額呢？,7.5單位,10單位,15單位,10.5單位,黑白列印（印表機 4600 9050）單面列印，每頁為1單位，雙面列印，每頁為1.5單位。1.5*5=7.5。,,,,,,,,,,,,,,,,,,,,,,,,,,,,,,,,,,,,,,,,,,,,,,,,,,,,,,,,,,,,,,,,,,,,
體育館,新體的正式名稱其實是「綜合體育館」，但因其外型原因，又被戲稱為？,臺大小巨蛋,臺大音樂廳,臺大尊賢館,,臺大沒有音樂廳，但新體可以外租給校外單位提供音樂會相關活動使用；臺大尊賢館位於二活旁邊，由捷絲旅提供住宿服務。,新體位於哪條路旁？,新生南路三段,羅斯福路四段,汀州路三段,基隆路三段,新體位於新生南路三段附近，不過臺大校總區內所有建築物的地址都是「臺北市大安區羅斯福路四段一號」。,新體目前並沒有下列哪項運動的場地？,射箭,籃球,技擊,羽球,臺大新體內無射箭場地，但舊體內有27公尺距離的射箭場，且臺大有歷史悠久的射箭協會。,臺大新生若想辦理新體重訓室一個月會員，需支付多少費用呢？,200元,1000元,500元,0元,辦理新體健身房一個月會員，學生為200元。,進入新體健身房為運動者安全及公共清潔問題，設有若干規定，下列何者不是必備事項？,攜帶沐浴用品,穿著乾淨鞋底之室內專用運動鞋,攜帶毛巾,穿著運動衣褲,進入新體健身房運動前請自行檢查：（1）運動衣褲；（2）乾淨鞋底之室內專用運動鞋；（3）毛巾，是否都符合規定，否則不予入場。,想要使用舊體游泳池要去哪裡辦證？,綜合體育館B1,新體游泳池,舊體游泳池,三者皆非,辦證的櫃台位於綜合體育館B1，舊體游泳池也須前往綜合體育館辦理。,舊體位於臺大官方版地圖上的英文名稱為何？,Gymnasium,Sport Field,Arena,Sport center,依據臺大地圖可知，舊體英文名稱為Gymnasium。,臺大目前有37個運動代表隊，不包含下列何項運動？,壁球,高爾夫,手球,羽球,本校現有田徑、游泳、籃球、排球、足球、棒球、橄欖球、羽球、壘球、桌球、網球、軟網、手球、柔道、跆拳道、劍道、射箭、擊劍、國術、高爾夫等二十項，男、女生共三十七個運動代表隊。,臺大學生持學生證，另外須付費多少錢方可進入舊體重訓室呢？,0,50,100,150,臺大學生持學生證，可免費進入舊體重訓室,舊體一樓綜合球場，不可作為下列何者之場地？,保齡球,排球,羽球,籃球,,,,,,,,,,,,,,,,,,,,,,,,,,,,,,,,,,,,,,,,,,,,,,,,,,,,,,,,,,,,,,,,,,,,,
118巷,118巷最靠近哪一學院的主要建築？,社會科學院,管理學院,工學院,電機學院,118巷指位於辛亥路二段北方的巷弄，鄰近後門、社科院、霖澤館、語言中心，有多樣餐廳可供選擇。,118巷最靠近哪一捷運站？,科技大樓站,公館站,臺電大樓站,臺大醫院站,118巷最靠近科技大樓站。,臺大學生俗稱的118巷，其實是下列哪條路的118巷？,和平東路2段,大安路2段,辛亥路2段,復興南路2段,,118巷除了接近臺大以外最接近哪所大學？,國立臺北教育大學,國立臺灣師範大學,國立臺灣科技大學,國立臺北科技大學,,118巷裡沒有什麼店家？,三者皆非,師大第一腿,紫牛,笑嘻嘻,這三家店在118巷都看得到。,下列哪一個圖書館離118巷最遠？,臺灣大學總圖書館,法律學院圖書館（萬才館）,臺大社會科學院圖書分館,臺北市立圖書館道藩分館,法律系跟社科院都在後門，道藩分館則在臺大後門對面。,,,,,,,,,,,,,,,,,,,,,,,,,,,,,,,,,,,,,,,,,,,,,,,,,,,,,,,,,,,,,,,,,,,,,,,,,,,,,,,,,,,,,,,,,,,,
溫州街,溫州街是指位於哪條道路附近的商圈？,新生南路三段,基隆路四段,辛亥路二段,羅斯福四段,溫州街位於新生南路三段西方，曾是臺大教授宿舍所在地，如今發展成各種商店的聚集地，包括餐廳、書店、影印行......生活機能完善。,臺大校內沒有下列何者連鎖餐廳？,肯德基,麥當勞,四海遊龍,八方雲集,肯德基位於新生南路上，麥當勞及四海遊龍位於活大，八方雲集位於小福。,漫步溫州街將看不到以下何地景？,紀州庵,殷海光故居,紫藤廬,加羅林魚木,紀州庵為臺北市古蹟，位於臺北市中正區內。,從臺大穿過溫州街不會接近何處？,捷運科技大樓站,師大夜市,國立臺灣師範大學,捷運臺電大樓站,臺大往溫州街方向為往西北方行，臺科大位於臺大東南方。,臺大學生常提到的約定地點新月臺位在哪條路旁？,新生南路,羅斯福路,復興南路,辛亥路,新月台位於新生南路三段上。,新月臺的名字由來為者為非？,萬新鐵路的新站,中文系老師蔡璧名命名,新字代表新生、新入口、新地標,月字呼應醉月湖,新月台並非一個真的月台。而公館一代早年的確有萬新鐵路。,,,,,,,,,,,,,,,,,,,,,,,,,,,,,,,,,,,,,,,,,,,,,,,,,,,,,,,,,,,,,,,,,,,,,,,,,,,,,,,,,,,,,,,,,,,,
公館商圈,公館商圈不提供什麼功能？,辦戶口,通勤,覓食,血拚,公館商圈附近有公車站、捷運站、各類商店、公館夜市、水源劇場。距離臺大最近的戶政事務所則位在大安森林公園旁，靠近師大夜市商圈。,下列何者位於公館商圈？,水源市場,118巷,臺灣科技大學,三者皆非,水源市場位於羅斯福路上，118向鄰近辛亥路二段，臺灣科技大學位於基隆路四段。,腳踏車在公館被拖吊要去哪裡領？,龍門國中,水源拖吊場,龍安國小,臺北區監理所,校內停車會被拖到水源，校外則會被拖龍門國中(例如新生南路、公館、二活...)，因為主管單位不同。,下列哪條路離公館商圈最遠？,復興南路,汀洲路,羅斯福路,新生南路,汀洲度、羅斯福路、新生南路皆位於光館商圈內，復興南路與辛亥路垂直交接於臺大霖澤館旁。,公館商圈裡面有大量的什麼店鋪？,運動用品店,五金行,修車廠,雜貨店,,哪一條是公館商圈可搭乘的公車？,三者皆是,羅斯福路幹線,松江南京幹線,復興幹線,,,,,,,,,,,,,,,,,,,,,,,,,,,,,,,,,,,,,,,,,,,,,,,,,,,,,,,,,,,,,,,,,,,,,,,,,,,,,,,,,,,,,,,,,,,,,
水源校區,文學院中的下列哪個系所的系館位於水源校區？,哲學系,日文系,圖書資訊學系,中文系,除了哲學系，人類學系也位於水源校區。,水源校區沒有下列哪個場域？,醫學院,人類系館,腳踏車拖吊場,太子學舍,醫學院位於城中校區。,關於臺大水源校區，下列何者正確？,有自行車拖吊移置場,有計算機及資訊網路中心,有外語教學暨資源中心,有臺大農場,其餘三個單位都在校總區。,下列哪個地點沒有出版中心書店？,社科院,總圖,水源校區,校史館,總圖與校史館建築內部皆設有臺大出版中心的書店，水源校區之書店位於澄思樓一樓。,水源校區原本為哪個單位所有？,國防部,行政院,大考中心,陸委會,戰後國民政府誤把臺大在士林的校地撥給國防部，之後情報局使用已久難以歸還，於是雙方協議以水源地交換。,水源校區在日治時代是哪個單位使用？,日軍砲兵聯隊營區,檔案館,臺北高等農林學校,三者皆非,,,,,,,,,,,,,,,,,,,,,,,,,,,,,,,,,,,,,,,,,,,,,,,,,,,,,,,,,,,,,,,,,,,,,,,,,,,,,,,,,,,,,,,,,,,,,
城中校區,從校總區往城中校區的校內公車搭乘一次的費用為多少錢？,0,1,5,12,臺大校車一天18個班次，無須收費，停靠地點包括傅鐘、社科院舊址、醫學院。,醫學院位於哪一校區？,城中校區,校總區,水源校區,三者皆非,醫學院位於城中校區。,下列有關醫學院圖書館的敘述何者錯誤？,不開放校外讀者使用,總藏書量達到25萬冊,不定期舉辦醫學知識講座,以健康科學相關資料為主要蒐集範圍,醫圖主要服務對象為本校醫學院、公衛學院之教職員工，學生及臺大醫院之醫護人員，同時亦開放給校外讀者使用。,醫學人文博物館為臺大博物館群之一，請問博物館群共有幾個館？,10,8,9,11,臺大博物館群有校史館、人類學博物館、地質標本館、物理文物廳、檔案館、昆蟲標本館、農業陳列館、植物標本館、動物博物館、醫學人文博物館。,臺大校車一天幾個班次？,18,19,20,17,臺大校車從7:35至22:40一天共18個班次。,下列何者並非臺大醫學院前身,國防醫學院,臺北病院醫學講習所,臺北帝國大學附屬醫學專門部,臺北醫學專門學校,臺大醫學院設立於1897年，前身為臺北病院醫學講習所，1899年成立「臺灣總督府醫學校」，收納原醫學講習所學生，1927年改稱「臺北醫學專門學校」，1928年臺北帝國大學創校，創立之初並未設醫學部，1936年採一校兩制，成立臺北帝國大學醫學部，並將原臺北醫學專門學校改制為臺北帝國大學附屬醫學專門部。1945年臺灣光復，政府接收臺北帝國大學並更名為國立臺灣大學，醫學部改稱醫學院，醫學專門部停止招生。,,,,,,,,,,,,,,,,,,,,,,,,,,,,,,,,,,,,,,,,,,,,,,,,,,,,,,,,,,,,,,,,,,,,,,,,,,,,,,,,,,,,,,,,,,,,
舟山路,請問舟山路現在是否為臺大校地？,是,不是,,,舟山路原屬於臺北市政府，從1999年從臺北市道路轉變為臺大校園內部，並進行道路重整。,舟山路可與下列哪一條路互通？,羅斯福路四段,新生南路三段,辛亥路二段,芳蘭路,舟山路可與羅斯福路四段互通。,下列關於舟山路的敘述何者錯誤？,舟山路側原本的校園圍牆皆已拆除,小木屋鬆餅的前身其實是警衛崗亭,曾為基隆路三段,1999年通過臺北市政府廢巷作業,舟山路目前殘存的圍牆遺跡位在圖書館旁綠地擋土牆，此局部矮牆是刻意保留的。,下列何者不是現在展書樓的單位？,環境工程所,校警隊,醫學工程所,高分子所,環境工程所位於基隆路上，與海洋工程研究所為同一區域。,在舟山路上是否看的到水車？,是,否,,,舟山路通往臺大農場的方向尚有一個水車。,請問鹿鳴廣場位於？,共同教室對面,博雅教學館對面,總圖後面,社科院對面,鹿鳴廣場位於舟山路上，旁有鹿鳴堂、大學入學考試中心、生命科學館、共同教學館、地理館。,「鹿鳴」廣場的命名由來為何？,詩經，小雅,詩經，大雅,詩經，周頌,詩經，魯頌,「鹿鳴」廣場的命名出自詩經小雅「呦呦鹿鳴」,鹿鳴堂的前身是？,僑光堂,國立編譯館,大考中心,檔案館,,,,,,,,,,,,,,請問鹿鳴堂最近有什麼事件？,討論是否拆除,討論改名,變更用途,轉讓給校外單位,,,,,,,,,,,,,,,,,,,,,,,,,,,,,,,,,,,,,,,,,,,,,,,,,,,,,,,,,,,,,,,
學生宿舍,哪棟宿舍內部可以與小吃部互通？,男一舍,大一女,男三舍,女九舍,宿舍內設有小吃部的宿舍包括男一舍、研一男舍，大一女樓下設有餐廳，女八舍、女九舍也鄰近餐廳但不互通。,大一升大二要抽宿舍時可以自由選擇室友嗎？,可以綁抽但不保證最後會一起,不行，由宿舍生活組隨機分配,不會重抽，會依照大一宿舍分配,,待補，我不會打,請問下列哪個宿舍不在校總區一帶？,女四,男一,男八,女一,女四位於城中校區。,請問下列哪些宿舍有保險套販賣機？,三者皆是,女一,男二,男四,目前在宿舍區女一、男二、男四以及普通教學館、健康中心有保險套販賣機。,哪間宿舍沒有鋼琴？,大一女,女二,女六,男五,部分宿舍內設有健身器材與直立式鋼琴，供宿舍生使用。而大一女並沒有。,校總區的男舍最近的飲食選擇是下列何者？,臺科大學生餐廳,公館商圈,小福,溫州街,校總區的男宿在長興街，靠近基隆路跟臺科大,,,,,,,,,,,,,,,,,,,,,,,,,,,,,,,,,,,,,,,,,,,,,,,,,,,,,,,,,,,,,,,,,,,,,,,,,,,,,,,,,,,,,,,,,,,,
N號館,在臺北帝國大學時期，臺大校園內興建一系列建築風格相似、以教室為用途的建築，共有五棟，分別以數字命名。其中，請問目前使用一號館的系所為下列何者？,植物病理與微生物學系和戲劇系,森林環境暨資源學系,園藝暨景觀學系和農藝學系,昆蟲學系,一號館為植微系與戲劇系共同使用，植微系用二樓東側和三樓，戲劇系用一樓和二樓西側。森林系館在椰林大道上保健中心旁邊，園藝系館是四號館，農藝系館在總圖和活大中間，昆蟲系館則在臺科大旁邊，羅斯福路四段113巷。昆蟲學系還有另一棟中非大樓在舟山路上。,臺大博物館群的哪一個館位於一號館旁？,植物標本館,地質標本館,動物博物館,人類學博物館,一號館有植微系使用，與植物標本館相鄰；地質標本館位於地質系研究所附近，靠近鹿鳴廣場；動物博物館位於舟山路上，人類學博物館位於校史館。,二號館於2005年成立物理文物廳，1934年時，此處為全亞洲第一次完成某實驗的地點，請問某實驗為何？,原子核撞擊試驗,鐘擺試驗,輻射檢測試驗,光干涉試驗,1932年，凱文迪西實驗室首次完成人工加速帶電粒子撞擊原子核的實驗，開啟基本粒子探索新紀元。1934年，荒勝文策教授成功於臺北帝大完成亞洲首次追加試驗，再次證實相關理論。,有別於椰林大道建築群，一號館建築有何特色？,出路口分立在建築左右兩側,平屋頂,屋頂中央設有山牆,採用方形窗,有別於其他館舍將主要入口設在建築中央，一號館設於左右兩側，以因應東側動物學講座與西側植物學講座使用。,N號館現在多改建成其他用途，請問下列何者為非？,六號館改為普通大樓,四號館現為園藝系使用,五號館現為園藝系使用,七號館改建成共同教室,六號館現為農業綜合大樓。,起初，二號館為臺北帝大的什麼教室？,理化學教室,生物學教室,法商教室,電資教室,起初，二號館為臺北帝大的理化學教室，提供物理學講座、土壤學講座、化學講座與地質學講座使用。,,,,,,,,,,,,,,,,,,,,,,,,,,,,,,,,,,,,,,,,,,,,,,,,,,,,,,,,,,,,,,,,,,,,,,,,,,,,,,,,,,,,,,,,,,,,
實驗林場,臺大的實驗林場在哪一個行政區？,南投,彰化,花蓮,臺東,臺大實驗林在南投，管轄區域跨鹿谷、水里、信義三鄉。,請問臺大在哪個行政區沒有校地？,臺東,雲林,南投,新竹,臺大校地眾多，雲林竹北都有校區，南投則有實驗林和山地農場。,哪一處校地佔臺大面積最多？,實驗林場,梅峰農場,安康農場,臺大農場,臺大總校地面積約34000公頃，實驗林場面積有32912公頃。,臺大椰林大道的椰子樹是從哪裡引進的？,古巴,是臺灣原生植物,日本,馬來西亞,臺灣的椰子樹是日治時期從古巴、巴拿馬、牙買加一帶引進，並非臺灣原生植物。,下列何者為實驗林之設立宗旨？,三者皆是,教學實習,學術研究,資源保育,設立實驗林的四大宗旨為：教學實習、學術研究、資源保育、示範經營。,臺大校徽上面沒有什麼？,杜鵑花,椰子樹,傅鐘,梅花,臺大校徽上有椰子樹、傅鐘、梅花跟臺大校訓，雖然杜鵑花是臺大校花但並未出現在校徽上。,,,,,,,,,,,,,,,,,,,,,,,,,,,,,,,,,,,,,,,,,,,,,,,,,,,,,,,,,,,,,,,,,,,,,,,,,,,,,,,,,,,,,,,,,,,,